CDM project reference number,Completion Date,Status,Total,HostParty,Issuance process ID,tots
1,2023-08-31,Cancelled,640464,IN,COMBINEDCANCELLED-1,8293057
8,2022-04-07,Cancelled,40080,BR,COMBINEDCANCELLED-8,83613344
11,2013-10-01,Cancelled,59949,CN,COMBINEDCANCELLED-11,204959809
33,2023-03-31,Cancelled,118293,CL,COMBINEDCANCELLED-33,118292
52,2023-08-25,Cancelled,4366403,BR,COMBINEDCANCELLED-52,93473135
73,2022-09-28,Cancelled,123634,GT,COMBINEDCANCELLED-73,140012
85,2019-05-09,Cancelled,248991,LK,COMBINEDCANCELLED-85,254765
86,2020-02-07,Cancelled,98340,PE,COMBINEDCANCELLED-86,1719170
99,2016-06-24,Cancelled,400000,KR,COMBINEDCANCELLED-99,399999
107,2023-05-12,Cancelled,360138,MX,COMBINEDCANCELLED-107,5579347
115,2022-04-26,Cancelled,547000,IN,COMBINEDCANCELLED-115,546999
116,2016-12-15,Cancelled,401687,BR,COMBINEDCANCELLED-116,401686
122,2019-02-11,Cancelled,43548,CO,COMBINEDCANCELLED-122,43547
136,2018-01-12,Cancelled,4842,NP,COMBINEDCANCELLED-136,897173
139,2018-01-12,Cancelled,5066,NP,COMBINEDCANCELLED-139,826895
143,2014-10-31,Cancelled,25000,BR,COMBINEDCANCELLED-143,24999
159,2018-03-27,Cancelled,1508,MD,COMBINEDCANCELLED-159,42443
160,2018-03-27,Cancelled,1259,MD,COMBINEDCANCELLED-160,58603
164,2023-06-20,Cancelled,245850,BR,COMBINEDCANCELLED-164,41974297
165,2023-07-12,Cancelled,482484,BR,COMBINEDCANCELLED-165,1170387
171,2023-05-17,Cancelled,20004,BR,COMBINEDCANCELLED-171,57583881
173,2018-03-27,Cancelled,1579,MD,COMBINEDCANCELLED-173,91198
176,2021-12-14,Cancelled,198240,CN,COMBINEDCANCELLED-176,198239
186,2019-02-28,Cancelled,27808,IN,COMBINEDCANCELLED-186,27807
191,2015-11-17,Cancelled,294290,NI,COMBINEDCANCELLED-191,993592
193,2023-06-09,Cancelled,60000,CN,COMBINEDCANCELLED-193,59999
194,2020-06-04,Cancelled,8274,CO,COMBINEDCANCELLED-194,7815951
198,2022-12-21,Cancelled,356575,NI,COMBINEDCANCELLED-198,625949
209,2016-12-08,Cancelled,22175,BR,COMBINEDCANCELLED-209,22174
222,2023-05-18,Cancelled,123128,KR,COMBINEDCANCELLED-222,137938017
229,2023-03-06,Cancelled,65664,BR,COMBINEDCANCELLED-229,25177220
233,2016-09-06,Cancelled,130276,CN,COMBINEDCANCELLED-233,158065302
239,2022-12-12,Cancelled,5000,JM,COMBINEDCANCELLED-239,4999
242,2021-10-08,Cancelled,144472,BR,COMBINEDCANCELLED-242,66354981
243,2019-07-02,Cancelled,23594,IN,COMBINEDCANCELLED-243,23593
244,2021-10-05,Cancelled,66266,IN,COMBINEDCANCELLED-244,72854581
251,2019-10-02,Cancelled,2709,CR,COMBINEDCANCELLED-251,1213311
258,2023-04-25,Cancelled,642252,CL,COMBINEDCANCELLED-258,14206846
259,2021-08-03,Cancelled,246272,CL,COMBINEDCANCELLED-259,7016718
264,2020-08-19,Cancelled,77864,IN,COMBINEDCANCELLED-264,21566328
267,2023-08-22,Cancelled,23586,IN,COMBINEDCANCELLED-267,187509539
268,2023-06-06,Cancelled,774286,BR,COMBINEDCANCELLED-268,65656342
275,2018-12-13,Cancelled,98152,CO,COMBINEDCANCELLED-275,10747667
297,2023-08-31,Cancelled,831341,SV,COMBINEDCANCELLED-297,895895
306,2013-10-01,Cancelled,22794,CN,COMBINEDCANCELLED-306,193098961
310,2020-03-18,Cancelled,22000,IN,COMBINEDCANCELLED-310,21999
312,2022-10-04,Cancelled,124933,IN,COMBINEDCANCELLED-312,89187369
315,2022-02-08,Cancelled,274129,IN,COMBINEDCANCELLED-315,274128
327,2021-11-02,Cancelled,64013,IN,COMBINEDCANCELLED-327,44169183
328,2023-04-26,Cancelled,57636,IN,COMBINEDCANCELLED-328,63127554
329,2023-06-05,Cancelled,82538,IN,COMBINEDCANCELLED-329,63344994
331,2019-03-12,Cancelled,84294,IN,COMBINEDCANCELLED-331,36991460
346,2023-03-21,Cancelled,307377,CL,COMBINEDCANCELLED-346,9957313
347,2016-03-22,Cancelled,34605,IN,COMBINEDCANCELLED-347,22529274
349,2021-07-26,Cancelled,2221518,KR,COMBINEDCANCELLED-349,63100871
362,2017-10-16,Cancelled,1000,IN,COMBINEDCANCELLED-362,999
363,2022-12-16,Cancelled,34422,KH,COMBINEDCANCELLED-363,34421
370,2021-12-07,Cancelled,3940,IN,COMBINEDCANCELLED-370,3939
373,2023-08-22,Cancelled,245474,BR,COMBINEDCANCELLED-373,144879370
376,2023-06-27,Cancelled,8710,IN,COMBINEDCANCELLED-376,78298
390,2016-03-22,Cancelled,27666,IN,COMBINEDCANCELLED-390,27665
391,2016-03-22,Cancelled,19727,IN,COMBINEDCANCELLED-391,19726
404,2020-11-16,Cancelled,53175,BR,COMBINEDCANCELLED-404,54092
427,2023-05-12,Cancelled,4322,IN,COMBINEDCANCELLED-427,4321
430,2021-03-16,Cancelled,26494,IN,COMBINEDCANCELLED-430,26493
432,2018-10-01,Cancelled,14505,IN,COMBINEDCANCELLED-432,14504
453,2017-08-23,Cancelled,9930,PH,COMBINEDCANCELLED-453,1235197
456,2016-09-19,Cancelled,112000,IN,COMBINEDCANCELLED-456,111999
476,2023-06-26,Cancelled,100,IN,COMBINEDCANCELLED-476,99
480,2023-01-18,Cancelled,26515,BR,COMBINEDCANCELLED-480,44325
489,2015-04-07,Cancelled,3269,BR,COMBINEDCANCELLED-489,3268
490,2021-10-19,Cancelled,450001,EG,COMBINEDCANCELLED-490,450000
491,2021-04-06,Cancelled,10,CN,COMBINEDCANCELLED-491,9
493,2013-08-28,Cancelled,15755,ID,COMBINEDCANCELLED-493,15754
499,2022-06-24,Cancelled,30000,IN,COMBINEDCANCELLED-499,29999
526,2017-08-23,Cancelled,93703,ID,COMBINEDCANCELLED-526,4052523
530,2018-04-20,Cancelled,297279,BR,COMBINEDCANCELLED-530,21803489
545,2021-11-30,Cancelled,47570,ZA,COMBINEDCANCELLED-545,11834999
547,2019-12-04,Cancelled,48276,CN,COMBINEDCANCELLED-547,398884911
557,2023-08-30,Cancelled,12835,PK,COMBINEDCANCELLED-557,27834
571,2022-06-10,Cancelled,42552,IN,COMBINEDCANCELLED-571,42551
584,2017-10-30,Cancelled,8029,KR,COMBINEDCANCELLED-584,8028
604,2023-08-24,Cancelled,42000,GT,COMBINEDCANCELLED-604,1543208
606,2021-02-03,Cancelled,73261,GT,COMBINEDCANCELLED-606,2696303
648,2022-04-20,Cancelled,48472,BR,COMBINEDCANCELLED-648,52017431
675,2023-04-27,Cancelled,55290,NI,COMBINEDCANCELLED-675,55289
693,2018-12-19,Cancelled,220172,BR,COMBINEDCANCELLED-693,220171
697,2021-12-01,Cancelled,10712,IN,COMBINEDCANCELLED-697,10711
707,2018-03-27,Cancelled,1477,IN,COMBINEDCANCELLED-707,15248413
708,2019-09-11,Cancelled,361174,PE,COMBINEDCANCELLED-708,361173
735,2019-09-19,Cancelled,550000,CO,COMBINEDCANCELLED-735,5645926
743,2017-06-08,Cancelled,138774,IN,COMBINEDCANCELLED-743,31724971
750,2022-01-31,Cancelled,21233,IN,COMBINEDCANCELLED-750,42792541
752,2020-11-23,Cancelled,379418,ZA,COMBINEDCANCELLED-752,5770043
765,2021-04-15,Cancelled,7356007,KR,COMBINEDCANCELLED-765,65547632
773,2020-06-08,Cancelled,21146,BR,COMBINEDCANCELLED-773,21145
775,2020-06-04,Cancelled,3489,UG,COMBINEDCANCELLED-775,6459422
776,2018-08-31,Cancelled,32570,IN,COMBINEDCANCELLED-776,14755935
784,2019-08-21,Cancelled,7276,KR,COMBINEDCANCELLED-784,7275
788,2015-12-29,Cancelled,63688,KR,COMBINEDCANCELLED-788,63687
795,2017-01-19,Cancelled,80220,ZA,COMBINEDCANCELLED-795,80219
801,2017-10-30,Cancelled,3986,KR,COMBINEDCANCELLED-801,3985
806,2021-12-14,Cancelled,170,IN,COMBINEDCANCELLED-806,169
809,2019-02-08,Cancelled,29760,BR,COMBINEDCANCELLED-809,29759
810,2023-04-13,Cancelled,1398,IN,COMBINEDCANCELLED-810,1397
814,2017-03-22,Cancelled,11942,IN,COMBINEDCANCELLED-814,55680360
822,2021-04-16,Cancelled,129945,CL,COMBINEDCANCELLED-822,967629
831,2018-10-23,Cancelled,45012,BR,COMBINEDCANCELLED-831,45011
835,2019-07-03,Cancelled,280729,KR,COMBINEDCANCELLED-835,79717468
836,2020-06-15,Cancelled,50000,IN,COMBINEDCANCELLED-836,65822
846,2020-06-23,Cancelled,11860,MX,COMBINEDCANCELLED-846,11859
847,2017-03-22,Cancelled,13006,IN,COMBINEDCANCELLED-847,26886790
851,2022-12-05,Cancelled,2839809,KR,COMBINEDCANCELLED-851,49603290
888,2014-11-17,Cancelled,160000,BR,COMBINEDCANCELLED-888,159999
904,2017-06-27,Cancelled,8498,CN,COMBINEDCANCELLED-904,453482477
911,2014-10-21,Cancelled,5000,BR,COMBINEDCANCELLED-911,4999
918,2014-02-04,Cancelled,5180,CU,COMBINEDCANCELLED-918,5179
921,2016-03-21,Cancelled,1999,IN,COMBINEDCANCELLED-921,1998
922,2022-01-19,Cancelled,1967395,KR,COMBINEDCANCELLED-922,54371330
923,2023-08-23,Cancelled,137172,IN,COMBINEDCANCELLED-923,91239570
925,2021-04-21,Cancelled,548962,ZA,COMBINEDCANCELLED-925,9842253
935,2020-11-11,Cancelled,52611,IN,COMBINEDCANCELLED-935,84565823
941,2022-11-16,Cancelled,5973435,KR,COMBINEDCANCELLED-941,93940373
950,2022-07-19,Cancelled,25000,AR,COMBINEDCANCELLED-950,24999
961,2022-01-18,Cancelled,4567159,ZA,COMBINEDCANCELLED-961,15347816
968,2023-08-17,Cancelled,571109,BR,COMBINEDCANCELLED-968,80770272
986,2019-06-06,Cancelled,10327,IN,COMBINEDCANCELLED-986,51033781
1000,2016-10-11,Cancelled,156991,KR,COMBINEDCANCELLED-1000,58169033
1011,2013-06-11,Cancelled,300,BR,COMBINEDCANCELLED-1011,299
1026,2021-09-27,Cancelled,300000,TH,COMBINEDCANCELLED-1026,2721871
1027,2022-03-02,Cancelled,598593,ZA,COMBINEDCANCELLED-1027,605803
1052,2021-02-03,Cancelled,71078,CL,COMBINEDCANCELLED-1052,9497206
1115,2021-10-01,Cancelled,187485,IN,COMBINEDCANCELLED-1115,87747287
1123,2022-01-06,Cancelled,406147,MX,COMBINEDCANCELLED-1123,12984624
1134,2023-08-24,Cancelled,67709,BR,COMBINEDCANCELLED-1134,97708
1139,2021-07-01,Cancelled,64180,IN,COMBINEDCANCELLED-1139,64179
1140,2023-03-14,Cancelled,13814,IN,COMBINEDCANCELLED-1140,13813
1144,2013-02-08,Cancelled,7350,ID,COMBINEDCANCELLED-1144,205310
1145,2021-07-26,Cancelled,44230,IN,COMBINEDCANCELLED-1145,69672286
1151,2022-03-28,Cancelled,38787,IN,COMBINEDCANCELLED-1151,65117906
1166,2020-11-26,Cancelled,102773,IN,COMBINEDCANCELLED-1166,42549459
1167,2022-02-16,Cancelled,2480,IN,COMBINEDCANCELLED-1167,2479
1168,2023-08-02,Cancelled,226863,IN,COMBINEDCANCELLED-1168,125847218
1171,2020-10-09,Cancelled,63546,ZA,COMBINEDCANCELLED-1171,4185162
1203,2017-05-16,Cancelled,53863,IN,COMBINEDCANCELLED-1203,53862
1229,2022-06-21,Cancelled,319920,CL,COMBINEDCANCELLED-1229,4497618
1232,2016-03-30,Cancelled,12867,BR,COMBINEDCANCELLED-1232,12866
1247,2021-11-11,Cancelled,199855,BR,COMBINEDCANCELLED-1247,199854
1253,2021-08-23,Cancelled,22714,IN,COMBINEDCANCELLED-1253,29741746
1254,2023-03-28,Cancelled,352930,IN,COMBINEDCANCELLED-1254,63823201
1259,2023-08-11,Cancelled,194903,IN,COMBINEDCANCELLED-1259,125409155
1265,2021-08-20,Cancelled,44725,CL,COMBINEDCANCELLED-1265,3688014
1268,2022-09-21,Cancelled,104882,IN,COMBINEDCANCELLED-1268,31283233
1269,2021-06-21,Cancelled,9940,CN,COMBINEDCANCELLED-1269,9939
1279,2023-08-30,Cancelled,77517,BR,COMBINEDCANCELLED-1279,375288
1280,2020-12-30,Cancelled,1663,IN,COMBINEDCANCELLED-1280,1662
1284,2023-06-12,Cancelled,248994,CN,COMBINEDCANCELLED-1284,367621688
1286,2022-09-21,Cancelled,21506,IN,COMBINEDCANCELLED-1286,21505
1291,2020-11-26,Cancelled,194526,IN,COMBINEDCANCELLED-1291,41316314
1300,2023-08-25,Cancelled,317088,IN,COMBINEDCANCELLED-1300,50970813
1307,2022-09-13,Cancelled,31011,MX,COMBINEDCANCELLED-1307,31010
1314,2023-07-26,Cancelled,31693,CR,COMBINEDCANCELLED-1314,131692
1317,2016-03-07,Cancelled,27582,BR,COMBINEDCANCELLED-1317,27581
1326,2020-04-08,Cancelled,330513,IN,COMBINEDCANCELLED-1326,330512
1342,2016-03-11,Cancelled,6548,BR,COMBINEDCANCELLED-1342,6547
1363,2022-02-03,Cancelled,23917,IN,COMBINEDCANCELLED-1363,23916
1364,2020-10-09,Cancelled,386871,ZA,COMBINEDCANCELLED-1364,4001553
1366,2022-01-14,Cancelled,350668,CN,COMBINEDCANCELLED-1366,350667
1374,2023-04-28,Cancelled,39222,CL,COMBINEDCANCELLED-1374,39221
1390,2013-10-14,Cancelled,137,CN,COMBINEDCANCELLED-1390,136
1410,2021-12-20,Cancelled,188699,BR,COMBINEDCANCELLED-1410,37402617
1411,2018-11-22,Cancelled,25233,CO,COMBINEDCANCELLED-1411,25232
1413,2021-12-29,Cancelled,134926,TH,COMBINEDCANCELLED-1413,1141212
1428,2019-09-13,Cancelled,327116,CO,COMBINEDCANCELLED-1428,12902983
1443,2015-11-12,Cancelled,150744,KR,COMBINEDCANCELLED-1443,161730
1456,2021-10-01,Cancelled,70697,IN,COMBINEDCANCELLED-1456,121337404
1477,2022-01-27,Cancelled,21072,CN,COMBINEDCANCELLED-1477,21071
1483,2020-04-20,Cancelled,217512,HN,COMBINEDCANCELLED-1483,1132254
1514,2016-05-23,Cancelled,244,IN,COMBINEDCANCELLED-1514,9838
1526,2022-01-06,Cancelled,52911,BR,COMBINEDCANCELLED-1526,52910
1541,2023-08-28,Cancelled,11401,IN,COMBINEDCANCELLED-1541,11400
1549,2016-03-22,Cancelled,54178,IN,COMBINEDCANCELLED-1549,34052280
1558,2022-11-22,Cancelled,94192,TH,COMBINEDCANCELLED-1558,5382445
1566,2022-01-31,Cancelled,9798,IN,COMBINEDCANCELLED-1566,9797
1568,2022-12-16,Cancelled,50000,IN,COMBINEDCANCELLED-1568,56793353
1570,2023-07-20,Cancelled,135925,AR,COMBINEDCANCELLED-1570,137638
1575,2023-01-26,Cancelled,61816,IN,COMBINEDCANCELLED-1575,79395744
1577,2023-07-27,Cancelled,252147,CN,COMBINEDCANCELLED-1577,254437
1578,2020-11-16,Cancelled,1901,UG,COMBINEDCANCELLED-1578,9203851
1620,2017-04-20,Cancelled,402558,PH,COMBINEDCANCELLED-1620,1206680
1632,2022-11-04,Cancelled,35030,IN,COMBINEDCANCELLED-1632,35029
1642,2022-04-06,Cancelled,295671,IN,COMBINEDCANCELLED-1642,46052841
1657,2023-06-29,Cancelled,177225,CN,COMBINEDCANCELLED-1657,177224
1658,2023-06-29,Cancelled,163562,CN,COMBINEDCANCELLED-1658,163561
1667,2023-08-30,Cancelled,71756,IN,COMBINEDCANCELLED-1667,146415317
1687,2022-08-10,Cancelled,91787,IN,COMBINEDCANCELLED-1687,91786
1713,2018-01-12,Cancelled,717,PK,COMBINEDCANCELLED-1713,3493698
1719,2019-10-02,Cancelled,81293,IN,COMBINEDCANCELLED-1719,9531396
1753,2017-06-08,Cancelled,9880,IN,COMBINEDCANCELLED-1753,9879
1770,2018-01-24,Cancelled,19918,CO,COMBINEDCANCELLED-1770,19917
1787,2021-12-13,Cancelled,240743,CL,COMBINEDCANCELLED-1787,4347505
1797,2020-12-08,Cancelled,51920,IN,COMBINEDCANCELLED-1797,101997568
1800,2020-08-27,Cancelled,22279,BR,COMBINEDCANCELLED-1800,22278
1836,2019-10-04,Cancelled,81091,PE,COMBINEDCANCELLED-1836,1968988
1855,2015-11-23,Cancelled,20915,CN,COMBINEDCANCELLED-1855,20914
1861,2017-04-19,Cancelled,10753,IN,COMBINEDCANCELLED-1861,10752
1880,2023-08-29,Cancelled,154475,CN,COMBINEDCANCELLED-1880,154474
1883,2013-04-03,Cancelled,1859,KR,COMBINEDCANCELLED-1883,24468318
1891,2018-03-27,Cancelled,6938,CN,COMBINEDCANCELLED-1891,147390272
1896,2013-12-12,Cancelled,102767,CN,COMBINEDCANCELLED-1896,35851197
1904,2023-08-27,Cancelled,176055,IN,COMBINEDCANCELLED-1904,116911454
1906,2021-12-22,Cancelled,163406,CN,COMBINEDCANCELLED-1906,163405
1948,2020-12-17,Cancelled,294875,MD,COMBINEDCANCELLED-1948,3140111
1966,2021-04-13,Cancelled,21040,CN,COMBINEDCANCELLED-1966,21039
1984,2023-06-29,Cancelled,62130,CN,COMBINEDCANCELLED-1984,62129
1987,2023-03-07,Cancelled,36474,CN,COMBINEDCANCELLED-1987,36473
1993,2019-02-28,Cancelled,198538,TH,COMBINEDCANCELLED-1993,5189685
1994,2023-08-31,Cancelled,133207,CN,COMBINEDCANCELLED-1994,168157
2023,2022-01-28,Cancelled,137167,IN,COMBINEDCANCELLED-2023,137166
2025,2022-01-28,Cancelled,55377,IN,COMBINEDCANCELLED-2025,55376
2092,2020-02-03,Cancelled,75000,IN,COMBINEDCANCELLED-2092,74999
2105,2023-01-23,Cancelled,463040,CN,COMBINEDCANCELLED-2105,155493333
2112,2017-06-09,Cancelled,61719,IN,COMBINEDCANCELLED-2112,61718
2120,2012-11-28,Cancelled,2500,CN,COMBINEDCANCELLED-2120,2499
2138,2020-12-16,Cancelled,5419,TH,COMBINEDCANCELLED-2138,5418
2142,2013-03-26,Cancelled,37208,CN,COMBINEDCANCELLED-2142,37207
2148,2019-10-17,Cancelled,64712,TH,COMBINEDCANCELLED-2148,5639073
2165,2018-11-28,Cancelled,43323,BR,COMBINEDCANCELLED-2165,43322
2170,2021-04-13,Cancelled,19697,CN,COMBINEDCANCELLED-2170,17968025
2199,2022-03-23,Cancelled,221615,CN,COMBINEDCANCELLED-2199,221614
2215,2023-08-24,Cancelled,45467,CN,COMBINEDCANCELLED-2215,45466
2221,2018-03-27,Cancelled,6097,CN,COMBINEDCANCELLED-2221,205039281
2225,2019-08-21,Cancelled,17830,KR,COMBINEDCANCELLED-2225,17829
2247,2021-07-29,Cancelled,27613,IN,COMBINEDCANCELLED-2247,27612
2302,2021-12-02,Cancelled,59591,KR,COMBINEDCANCELLED-2302,108126775
2307,2019-11-01,Cancelled,11261,CN,COMBINEDCANCELLED-2307,11260
2311,2019-11-01,Cancelled,11438,CN,COMBINEDCANCELLED-2311,11437
2341,2020-12-10,Cancelled,13998,CO,COMBINEDCANCELLED-2341,13997
2342,2021-05-24,Cancelled,77110,IN,COMBINEDCANCELLED-2342,128724262
2344,2019-02-04,Cancelled,100567,CN,COMBINEDCANCELLED-2344,100566
2347,2022-12-14,Cancelled,43150,IN,COMBINEDCANCELLED-2347,43149
2366,2018-10-23,Cancelled,25384,KR,COMBINEDCANCELLED-2366,71662580
2392,2023-08-30,Cancelled,3898,CN,COMBINEDCANCELLED-2392,3897
2406,2023-03-02,Cancelled,363300,CN,COMBINEDCANCELLED-2406,597781328
2417,2013-02-07,Cancelled,350,CL,COMBINEDCANCELLED-2417,349
2441,2023-01-16,Cancelled,45617,CN,COMBINEDCANCELLED-2441,45616
2467,2020-09-18,Cancelled,19500,MY,COMBINEDCANCELLED-2467,19499
2470,2023-08-18,Cancelled,26892,IN,COMBINEDCANCELLED-2470,39201
2475,2020-05-08,Cancelled,124224,KR,COMBINEDCANCELLED-2475,58226153
2483,2022-03-16,Cancelled,797564,CN,COMBINEDCANCELLED-2483,547169319
2486,2023-08-24,Cancelled,83592,BR,COMBINEDCANCELLED-2486,101214339
2513,2022-03-16,Cancelled,151725,CN,COMBINEDCANCELLED-2513,379346008
2535,2021-09-28,Cancelled,219509,MX,COMBINEDCANCELLED-2535,219508
2543,2023-08-20,Cancelled,1,IN,COMBINEDCANCELLED-2543,0
2554,2018-04-26,Cancelled,752194,CO,COMBINEDCANCELLED-2554,985582
2569,2023-08-07,Cancelled,1776038,BR,COMBINEDCANCELLED-2569,92072408
2600,2020-03-11,Cancelled,85409,CO,COMBINEDCANCELLED-2600,8584551
2630,2023-06-19,Cancelled,55160,CO,COMBINEDCANCELLED-2630,64120
2648,2017-03-22,Cancelled,6711,IN,COMBINEDCANCELLED-2648,5656999
2683,2018-11-06,Cancelled,16700,KR,COMBINEDCANCELLED-2683,86936457
2684,2018-11-06,Cancelled,16165,KR,COMBINEDCANCELLED-2684,96415447
2688,2022-04-14,Cancelled,25700,CN,COMBINEDCANCELLED-2688,25699
2692,2022-02-07,Cancelled,267380,ZA,COMBINEDCANCELLED-2692,6171267
2698,2019-02-21,Cancelled,100131,IN,COMBINEDCANCELLED-2698,100130
2708,2022-12-05,Cancelled,20000,IN,COMBINEDCANCELLED-2708,19999
2712,2020-03-12,Cancelled,60524,ET,COMBINEDCANCELLED-2712,551570
2714,2020-11-16,Cancelled,33929,AL,COMBINEDCANCELLED-2714,502997
2736,2018-08-31,Cancelled,37238,IN,COMBINEDCANCELLED-2736,37237
2742,2022-10-20,Cancelled,370143,EG,COMBINEDCANCELLED-2742,972832
2746,2020-08-04,Cancelled,6381,BT,COMBINEDCANCELLED-2746,6380
2765,2022-11-11,Cancelled,64744,BD,COMBINEDCANCELLED-2765,17253294
2792,2023-07-25,Cancelled,328737,IN,COMBINEDCANCELLED-2792,29288934
2793,2022-07-13,Cancelled,80908,BR,COMBINEDCANCELLED-2793,139198
2801,2023-08-31,Cancelled,266955,IN,COMBINEDCANCELLED-2801,86186005
2819,2018-11-20,Cancelled,26723,IN,COMBINEDCANCELLED-2819,26722
2834,2020-12-30,Cancelled,224550,KR,COMBINEDCANCELLED-2834,34642843
2842,2021-11-18,Cancelled,75253,CN,COMBINEDCANCELLED-2842,75252
2848,2012-11-23,Cancelled,37799,CN,COMBINEDCANCELLED-2848,37798
2856,2017-03-22,Cancelled,240105,IN,COMBINEDCANCELLED-2856,47853954
2898,2023-01-10,Cancelled,253046,CN,COMBINEDCANCELLED-2898,40022681
2899,2023-07-18,Cancelled,31306,CN,COMBINEDCANCELLED-2899,31305
2910,2017-11-13,Cancelled,4878,KR,COMBINEDCANCELLED-2910,4877
2936,2023-08-31,Cancelled,135840,IN,COMBINEDCANCELLED-2936,137454
2953,2023-07-04,Cancelled,182231,CN,COMBINEDCANCELLED-2953,243986347
2954,2021-12-10,Cancelled,144519,CN,COMBINEDCANCELLED-2954,241997035
2956,2017-08-03,Cancelled,322,UG,COMBINEDCANCELLED-2956,321
2965,2022-01-28,Cancelled,15052,IN,COMBINEDCANCELLED-2965,15051
2993,2021-11-19,Cancelled,50664,CN,COMBINEDCANCELLED-2993,50663
3008,2015-06-24,Cancelled,158211,CN,COMBINEDCANCELLED-3008,40309424
3009,2023-02-08,Cancelled,21059,KR,COMBINEDCANCELLED-3009,90494344
3022,2023-01-27,Cancelled,37232,IN,COMBINEDCANCELLED-3022,39320
3044,2022-01-28,Cancelled,57242,CN,COMBINEDCANCELLED-3044,57241
3056,2022-02-28,Cancelled,159147,CN,COMBINEDCANCELLED-3056,159678351
3057,2022-01-28,Cancelled,62041,CN,COMBINEDCANCELLED-3057,62040
3060,2023-02-07,Cancelled,43324,CN,COMBINEDCANCELLED-3060,43323
3061,2022-02-17,Cancelled,60462,CN,COMBINEDCANCELLED-3061,60461
3064,2022-02-14,Cancelled,122253,CN,COMBINEDCANCELLED-3064,122252
3065,2022-02-14,Cancelled,224195,CN,COMBINEDCANCELLED-3065,44039747
3066,2022-02-14,Cancelled,131683,CN,COMBINEDCANCELLED-3066,200860327
3068,2021-12-28,Cancelled,135912,CN,COMBINEDCANCELLED-3068,135911
3069,2022-01-17,Cancelled,57272,CN,COMBINEDCANCELLED-3069,57271
3071,2022-03-15,Cancelled,136967,CN,COMBINEDCANCELLED-3071,149275338
3072,2022-03-15,Cancelled,282045,CN,COMBINEDCANCELLED-3072,44359915
3089,2021-12-20,Cancelled,264271,CN,COMBINEDCANCELLED-3089,292790150
3110,2020-04-02,Cancelled,6312,KR,COMBINEDCANCELLED-3110,6311
3111,2017-02-09,Cancelled,87937,CN,COMBINEDCANCELLED-3111,87936
3127,2018-07-26,Cancelled,7974,MX,COMBINEDCANCELLED-3127,8249
3142,2022-12-21,Cancelled,67673,IN,COMBINEDCANCELLED-3142,74381447
3152,2017-03-28,Cancelled,4193,KR,COMBINEDCANCELLED-3152,4192
3181,2023-08-21,Cancelled,1608,IN,COMBINEDCANCELLED-3181,1607
3222,2021-05-25,Cancelled,86888,BR,COMBINEDCANCELLED-3222,86887
3223,2023-08-07,Cancelled,495000,IN,COMBINEDCANCELLED-3223,494999
3224,2019-12-10,Cancelled,50793,CO,COMBINEDCANCELLED-3224,50907
3232,2018-04-10,Cancelled,32909,IN,COMBINEDCANCELLED-3232,32908
3238,2021-08-26,Cancelled,109370,IN,COMBINEDCANCELLED-3238,66944548
3246,2023-05-26,Cancelled,23747,KR,COMBINEDCANCELLED-3246,95260710
3248,2019-01-03,Cancelled,568,IN,COMBINEDCANCELLED-3248,567
3296,2022-08-16,Cancelled,10875,KR,COMBINEDCANCELLED-3296,10874
3298,2023-06-21,Cancelled,45146,IN,COMBINEDCANCELLED-3298,126757602
3303,2019-01-25,Cancelled,57419,CN,COMBINEDCANCELLED-3303,57418
3306,2023-05-26,Cancelled,151050,CN,COMBINEDCANCELLED-3306,102583235
3307,2023-02-27,Cancelled,701366,CN,COMBINEDCANCELLED-3307,299290553
3309,2023-08-29,Cancelled,14119,CN,COMBINEDCANCELLED-3309,14118
3333,2018-01-10,Cancelled,1172631,KR,COMBINEDCANCELLED-3333,71806650
3335,2019-02-14,Cancelled,34264,TH,COMBINEDCANCELLED-3335,46890
3347,2018-10-23,Cancelled,65911,CO,COMBINEDCANCELLED-3347,110415
3374,2021-04-02,Cancelled,90,CN,COMBINEDCANCELLED-3374,89
3378,2022-09-22,Cancelled,69187,MX,COMBINEDCANCELLED-3378,3665563
3384,2017-12-08,Cancelled,6164,KR,COMBINEDCANCELLED-3384,6163
3389,2018-04-16,Cancelled,40729,VN,COMBINEDCANCELLED-3389,40728
3399,2016-11-30,Cancelled,57357,CN,COMBINEDCANCELLED-3399,57356
3404,2019-09-03,Cancelled,1569,RW,COMBINEDCANCELLED-3404,526395
3440,2017-04-20,Cancelled,301709,KR,COMBINEDCANCELLED-3440,301708
3442,2023-03-10,Cancelled,383119,VN,COMBINEDCANCELLED-3442,20899363
3453,2019-03-12,Cancelled,123497,CN,COMBINEDCANCELLED-3453,105932409
3455,2021-05-25,Cancelled,116031,BR,COMBINEDCANCELLED-3455,116030
3461,2022-10-17,Cancelled,945076,CO,COMBINEDCANCELLED-3461,11163486
3464,2021-06-24,Cancelled,368791,BR,COMBINEDCANCELLED-3464,375344
3469,2023-08-07,Cancelled,45381,CN,COMBINEDCANCELLED-3469,45380
3493,2018-10-16,Cancelled,9749,IN,COMBINEDCANCELLED-3493,9748
3501,2022-10-20,Cancelled,20593,EG,COMBINEDCANCELLED-3501,20592
3509,2023-02-06,Cancelled,9315,IN,COMBINEDCANCELLED-3509,9314
3520,2021-09-20,Cancelled,20552,CN,COMBINEDCANCELLED-3520,20551
3531,2023-03-17,Cancelled,64525,LK,COMBINEDCANCELLED-3531,1009529
3533,2022-11-10,Cancelled,10982,IN,COMBINEDCANCELLED-3533,47248543
3541,2016-01-15,Cancelled,5922,IN,COMBINEDCANCELLED-3541,5921
3550,2021-10-01,Cancelled,21910,IN,COMBINEDCANCELLED-3550,21909
3558,2021-01-14,Cancelled,86787,MG,COMBINEDCANCELLED-3558,346483
3561,2019-09-20,Cancelled,20594,CN,COMBINEDCANCELLED-3561,20593
3568,2023-01-18,Cancelled,122343,IN,COMBINEDCANCELLED-3568,120613444
3570,2019-09-05,Cancelled,117042,CO,COMBINEDCANCELLED-3570,119311
3586,2023-08-04,Cancelled,4330,IN,COMBINEDCANCELLED-3586,9404
3599,2019-09-05,Cancelled,73378,CO,COMBINEDCANCELLED-3599,73377
3611,2022-12-21,Cancelled,29977,IN,COMBINEDCANCELLED-3611,29976
3632,2019-07-01,Cancelled,22407,IN,COMBINEDCANCELLED-3632,22406
3649,2020-12-01,Cancelled,31379,KR,COMBINEDCANCELLED-3649,31378
3653,2018-01-12,Cancelled,2652,NP,COMBINEDCANCELLED-3653,463459
3660,2021-06-02,Cancelled,10058,CN,COMBINEDCANCELLED-3660,80057
3700,2021-10-01,Cancelled,120833,IN,COMBINEDCANCELLED-3700,62552125
3724,2018-09-04,Cancelled,31108,IN,COMBINEDCANCELLED-3724,34781776
3742,2017-04-19,Cancelled,26740,IN,COMBINEDCANCELLED-3742,28549885
3773,2023-04-12,Cancelled,17952,KE,COMBINEDCANCELLED-3773,2821154
3779,2021-09-17,Cancelled,39590,IN,COMBINEDCANCELLED-3779,31260015
3797,2023-08-23,Cancelled,113722,CN,COMBINEDCANCELLED-3797,712783
3804,2023-02-07,Cancelled,87913,CN,COMBINEDCANCELLED-3804,87912
3815,2021-11-08,Cancelled,26100,IN,COMBINEDCANCELLED-3815,26488
3816,2023-08-16,Cancelled,130022,CO,COMBINEDCANCELLED-3816,7613820
3827,2020-03-12,Cancelled,930,KR,COMBINEDCANCELLED-3827,929
3839,2019-10-09,Cancelled,34730,IN,COMBINEDCANCELLED-3839,34729
3854,2020-11-26,Cancelled,112195,IN,COMBINEDCANCELLED-3854,59490340
3858,2022-03-02,Cancelled,40054,VN,COMBINEDCANCELLED-3858,42749
3862,2017-01-11,Cancelled,129291,CN,COMBINEDCANCELLED-3862,129290
3870,2022-10-27,Cancelled,602815,IN,COMBINEDCANCELLED-3870,602814
3874,2017-04-06,Cancelled,11408,KR,COMBINEDCANCELLED-3874,11407
3880,2022-12-16,Cancelled,38244,IN,COMBINEDCANCELLED-3880,37502977
3887,2017-03-17,Cancelled,17859,BR,COMBINEDCANCELLED-3887,17858
3926,2018-07-25,Cancelled,23808,IN,COMBINEDCANCELLED-3926,23807
3937,2023-04-24,Cancelled,88630,CN,COMBINEDCANCELLED-3937,397010507
3958,2021-09-27,Cancelled,352735,BR,COMBINEDCANCELLED-3958,352734
3970,2019-07-18,Cancelled,25000,NI,COMBINEDCANCELLED-3970,2147042
3973,2022-09-30,Cancelled,7350,IN,COMBINEDCANCELLED-3973,7349
4052,2016-01-04,Cancelled,17,CL,COMBINEDCANCELLED-4052,16
4058,2016-04-26,Cancelled,5511,IN,COMBINEDCANCELLED-4058,5510
4078,2017-09-06,Cancelled,15250,IN,COMBINEDCANCELLED-4078,15249
4127,2019-07-09,Cancelled,442819,AR,COMBINEDCANCELLED-4127,1671133
4138,2017-02-09,Cancelled,274968,CN,COMBINEDCANCELLED-4138,274967
4140,2023-06-29,Cancelled,164984,CN,COMBINEDCANCELLED-4140,164983
4144,2021-09-21,Cancelled,317160,IN,COMBINEDCANCELLED-4144,317159
4150,2022-01-06,Cancelled,831812,CN,COMBINEDCANCELLED-4150,306572072
4165,2022-07-28,Cancelled,21573,CN,COMBINEDCANCELLED-4165,21572
4174,2020-04-14,Cancelled,13874,IN,COMBINEDCANCELLED-4174,47690969
4176,2020-09-25,Cancelled,2875,CD,COMBINEDCANCELLED-4176,2874
4210,2018-04-16,Cancelled,22152,VN,COMBINEDCANCELLED-4210,22151
4211,2017-05-10,Cancelled,101210,BR,COMBINEDCANCELLED-4211,20460413
4219,2023-01-27,Cancelled,34806,TH,COMBINEDCANCELLED-4219,34805
4229,2023-07-11,Cancelled,181816,CL,COMBINEDCANCELLED-4229,1568989
4243,2022-11-24,Cancelled,231,IN,COMBINEDCANCELLED-4243,230
4249,2019-10-24,Cancelled,28921,IN,COMBINEDCANCELLED-4249,28920
4274,2021-12-01,Cancelled,1226759,KR,COMBINEDCANCELLED-4274,66762908
4294,2022-11-08,Cancelled,301387,KR,COMBINEDCANCELLED-4294,50323132
4295,2013-03-15,Cancelled,2500,CN,COMBINEDCANCELLED-4295,2499
4309,2023-08-30,Cancelled,32008,IN,COMBINEDCANCELLED-4309,200127
4317,2021-10-03,Cancelled,11226,CN,COMBINEDCANCELLED-4317,11225
4322,2022-04-11,Cancelled,18098,TH,COMBINEDCANCELLED-4322,18097
4323,2023-06-29,Cancelled,661,TH,COMBINEDCANCELLED-4323,660
4330,2023-08-11,Cancelled,2620,CN,COMBINEDCANCELLED-4330,8353304
4338,2021-09-10,Cancelled,12467,VN,COMBINEDCANCELLED-4338,12466
4359,2023-03-28,Cancelled,318352,MU,COMBINEDCANCELLED-4359,419807
4364,2023-03-28,Cancelled,603755,IN,COMBINEDCANCELLED-4364,613101
4382,2023-06-06,Cancelled,20000,IN,COMBINEDCANCELLED-4382,19999
4401,2017-01-11,Cancelled,129113,CN,COMBINEDCANCELLED-4401,129112
4413,2022-07-12,Cancelled,8336,CN,COMBINEDCANCELLED-4413,8335
4416,2017-01-11,Cancelled,124950,CN,COMBINEDCANCELLED-4416,124949
4421,2015-07-28,Cancelled,86983,CN,COMBINEDCANCELLED-4421,86982
4422,2016-10-26,Cancelled,100437,CN,COMBINEDCANCELLED-4422,100436
4449,2023-03-01,Cancelled,108601,CL,COMBINEDCANCELLED-4449,108600
4451,2022-09-06,Cancelled,52378,CN,COMBINEDCANCELLED-4451,442074087
4463,2022-08-18,Cancelled,249953,IN,COMBINEDCANCELLED-4463,46157225
4466,2020-11-16,Cancelled,6056,UG,COMBINEDCANCELLED-4466,9269634
4470,2021-06-02,Cancelled,51615,IN,COMBINEDCANCELLED-4470,51614
4489,2023-08-30,Cancelled,95055,IN,COMBINEDCANCELLED-4489,116325507
4521,2021-06-03,Cancelled,122,CN,COMBINEDCANCELLED-4521,496551464
4530,2015-06-12,Cancelled,24200,NP,COMBINEDCANCELLED-4530,24199
4531,2020-06-25,Cancelled,15277,IN,COMBINEDCANCELLED-4531,96619730
4537,2022-09-14,Cancelled,159623,VN,COMBINEDCANCELLED-4537,159622
4575,2022-12-29,Cancelled,1800,IN,COMBINEDCANCELLED-4575,1799
4576,2023-08-13,Cancelled,34709,IN,COMBINEDCANCELLED-4576,126947822
4585,2014-09-08,Cancelled,300,IN,COMBINEDCANCELLED-4585,2569
4626,2023-02-13,Cancelled,188,VN,COMBINEDCANCELLED-4626,187
4634,2022-12-15,Cancelled,92524,MX,COMBINEDCANCELLED-4634,13780300
4661,2023-08-28,Cancelled,56498,KR,COMBINEDCANCELLED-4661,65985276
4665,2022-05-19,Cancelled,2576375,KR,COMBINEDCANCELLED-4665,83328511
4676,2022-07-24,Cancelled,38014,BR,COMBINEDCANCELLED-4676,12841865
4677,2022-09-14,Cancelled,279431,IN,COMBINEDCANCELLED-4677,23264837
4678,2016-08-18,Cancelled,7909,ID,COMBINEDCANCELLED-4678,7908
4687,2023-03-07,Cancelled,136764,EG,COMBINEDCANCELLED-4687,136763
4693,2021-10-01,Cancelled,21561,IN,COMBINEDCANCELLED-4693,21560
4700,2022-05-05,Cancelled,219172,IN,COMBINEDCANCELLED-4700,94763839
4709,2023-07-13,Cancelled,445,IN,COMBINEDCANCELLED-4709,6098
4713,2021-11-19,Cancelled,93874,CN,COMBINEDCANCELLED-4713,93873
4720,2022-05-05,Cancelled,403903,VN,COMBINEDCANCELLED-4720,403902
4734,2015-02-05,Cancelled,93842,CN,COMBINEDCANCELLED-4734,93841
4744,2023-07-21,Cancelled,35847,CN,COMBINEDCANCELLED-4744,145535
4759,2022-08-29,Cancelled,35874,IN,COMBINEDCANCELLED-4759,35873
4776,2023-07-19,Cancelled,5991398,IN,COMBINEDCANCELLED-4776,37400502
4788,2023-07-26,Cancelled,190716,BR,COMBINEDCANCELLED-4788,64054499
4791,2022-12-12,Cancelled,547161,BD,COMBINEDCANCELLED-4791,547160
4800,2023-03-28,Cancelled,7094,CL,COMBINEDCANCELLED-4800,15990457
4818,2022-01-24,Cancelled,47199,IN,COMBINEDCANCELLED-4818,47198
4823,2023-07-13,Cancelled,97140,VN,COMBINEDCANCELLED-4823,133329
4828,2020-06-04,Cancelled,1015343,IN,COMBINEDCANCELLED-4828,55976209
4831,2018-02-16,Cancelled,3407,IN,COMBINEDCANCELLED-4831,33337
4844,2021-08-17,Cancelled,1022724,CN,COMBINEDCANCELLED-4844,380749915
4846,2021-11-09,Cancelled,82299,IN,COMBINEDCANCELLED-4846,91405843
4853,2015-09-03,Cancelled,417796,CN,COMBINEDCANCELLED-4853,64179903
4856,2018-11-26,Cancelled,23591,IN,COMBINEDCANCELLED-4856,13646920
4861,2018-09-07,Cancelled,735330,CO,COMBINEDCANCELLED-4861,7181780
4892,2022-11-29,Cancelled,15399,IN,COMBINEDCANCELLED-4892,15398
4912,2023-01-12,Cancelled,147816,CN,COMBINEDCANCELLED-4912,147815
4928,2022-12-20,Cancelled,114659,CN,COMBINEDCANCELLED-4928,114658
4930,2022-11-10,Cancelled,517214,IN,COMBINEDCANCELLED-4930,67290831
4936,2016-12-07,Cancelled,6781,BR,COMBINEDCANCELLED-4936,6780
4939,2020-11-16,Cancelled,134,UG,COMBINEDCANCELLED-4939,133
4940,2020-12-09,Cancelled,970,UG,COMBINEDCANCELLED-4940,969
4941,2021-01-07,Cancelled,358,UG,COMBINEDCANCELLED-4941,357
4956,2017-05-12,Cancelled,15683,IN,COMBINEDCANCELLED-4956,15682
4964,2017-04-05,Cancelled,17377,IN,COMBINEDCANCELLED-4964,17376
4985,2020-01-07,Cancelled,15360,IN,COMBINEDCANCELLED-4985,15359
4988,2021-05-11,Cancelled,50278,CR,COMBINEDCANCELLED-4988,50277
4992,2021-11-19,Cancelled,7500,IN,COMBINEDCANCELLED-4992,7499
4993,2021-03-15,Cancelled,3419490,IN,COMBINEDCANCELLED-4993,3517520
4996,2018-10-30,Cancelled,94292,BR,COMBINEDCANCELLED-4996,128523
5001,2022-10-21,Cancelled,1822,IN,COMBINEDCANCELLED-5001,1821
5016,2020-12-30,Cancelled,1728794,IN,COMBINEDCANCELLED-5016,1728793
5023,2017-05-29,Cancelled,1067,KE,COMBINEDCANCELLED-5023,1066
5029,2018-01-11,Cancelled,47810,CN,COMBINEDCANCELLED-5029,233961456
5038,2018-09-10,Cancelled,41460,CN,COMBINEDCANCELLED-5038,41459
5080,2021-07-06,Cancelled,131933,CN,COMBINEDCANCELLED-5080,131932
5090,2021-10-05,Cancelled,169784,IN,COMBINEDCANCELLED-5090,89152373
5098,2019-09-18,Cancelled,15407,TH,COMBINEDCANCELLED-5098,15406
5106,2019-11-13,Cancelled,19154,CN,COMBINEDCANCELLED-5106,19153
5109,2017-02-09,Cancelled,57482,CN,COMBINEDCANCELLED-5109,57481
5112,2022-02-24,Cancelled,269390,IN,COMBINEDCANCELLED-5112,269389
5125,2017-08-23,Cancelled,1761,BD,COMBINEDCANCELLED-5125,519763
5134,2023-08-31,Cancelled,13539,CN,COMBINEDCANCELLED-5134,13538
5136,2021-12-10,Cancelled,306,CN,COMBINEDCANCELLED-5136,305
5153,2021-09-27,Cancelled,147263,KR,COMBINEDCANCELLED-5153,25235054
5161,2021-08-30,Cancelled,53579,IN,COMBINEDCANCELLED-5161,53578
5179,2023-08-03,Cancelled,18420,CN,COMBINEDCANCELLED-5179,18419
5186,2022-09-26,Cancelled,407847,IN,COMBINEDCANCELLED-5186,79095121
5204,2013-03-21,Cancelled,2500,CN,COMBINEDCANCELLED-5204,2499
5212,2023-01-26,Cancelled,1493,MU,COMBINEDCANCELLED-5212,1492
5219,2017-04-13,Cancelled,56729,IN,COMBINEDCANCELLED-5219,56728
5238,2019-06-19,Cancelled,42350,CN,COMBINEDCANCELLED-5238,42349
5251,2023-08-03,Cancelled,16533,KR,COMBINEDCANCELLED-5251,37470670
5257,2023-08-31,Cancelled,82830,IN,COMBINEDCANCELLED-5257,109802
5289,2018-09-10,Cancelled,73027,CN,COMBINEDCANCELLED-5289,73026
5293,2019-01-25,Cancelled,35866,CN,COMBINEDCANCELLED-5293,35865
5311,2018-09-10,Cancelled,32144,CN,COMBINEDCANCELLED-5311,32143
5336,2022-04-08,Cancelled,13074,KE,COMBINEDCANCELLED-5336,13135
5341,2023-08-04,Cancelled,162940,KE,COMBINEDCANCELLED-5341,8525750
5342,2023-05-05,Cancelled,170644,NG,COMBINEDCANCELLED-5342,3806375
5344,2023-02-14,Cancelled,54291,IN,COMBINEDCANCELLED-5344,108593820
5393,2023-06-15,Cancelled,210481,CL,COMBINEDCANCELLED-5393,11417667
5401,2021-07-06,Cancelled,74512,IN,COMBINEDCANCELLED-5401,74511
5415,2018-01-12,Cancelled,3982,NP,COMBINEDCANCELLED-5415,797885
5416,2018-01-12,Cancelled,5298,NP,COMBINEDCANCELLED-5416,874235
5425,2019-02-11,Cancelled,20703,IN,COMBINEDCANCELLED-5425,31434361
5439,2023-08-27,Cancelled,51633,IN,COMBINEDCANCELLED-5439,51632
5446,2021-12-10,Cancelled,463,CN,COMBINEDCANCELLED-5446,462
5461,2021-02-11,Cancelled,63074,PK,COMBINEDCANCELLED-5461,4321881
5486,2019-07-01,Cancelled,20289,IN,COMBINEDCANCELLED-5486,33818933
5492,2018-10-31,Cancelled,96,BR,COMBINEDCANCELLED-5492,95
5495,2023-08-10,Cancelled,935478,BR,COMBINEDCANCELLED-5495,37934553
5522,2023-08-10,Cancelled,96188,JM,COMBINEDCANCELLED-5522,260024
5537,2023-07-28,Cancelled,146592,IN,COMBINEDCANCELLED-5537,146991
5553,2019-10-11,Cancelled,63838,IN,COMBINEDCANCELLED-5553,17465571
5554,2021-10-01,Cancelled,72529,IN,COMBINEDCANCELLED-5554,72528
5584,2023-08-14,Cancelled,205487,HN,COMBINEDCANCELLED-5584,2533525
5619,2019-09-05,Cancelled,45987,PE,COMBINEDCANCELLED-5619,47978
5661,2023-01-04,Cancelled,55688,CN,COMBINEDCANCELLED-5661,55687
5676,2022-05-11,Cancelled,1286747,MX,COMBINEDCANCELLED-5676,10771606
5678,2022-12-08,Cancelled,12497,IN,COMBINEDCANCELLED-5678,12496
5681,2023-01-04,Cancelled,81068,CN,COMBINEDCANCELLED-5681,81067
5693,2023-01-04,Cancelled,56821,CN,COMBINEDCANCELLED-5693,56820
5726,2023-06-29,Cancelled,5802,CL,COMBINEDCANCELLED-5726,5801
5781,2020-08-27,Cancelled,125194,CN,COMBINEDCANCELLED-5781,125193
5794,2022-03-29,Cancelled,38689,IN,COMBINEDCANCELLED-5794,40523364
5809,2018-04-10,Cancelled,73574,CN,COMBINEDCANCELLED-5809,73573
5814,2022-04-12,Cancelled,57000,IN,COMBINEDCANCELLED-5814,56999
5821,2017-05-12,Cancelled,11569,IN,COMBINEDCANCELLED-5821,11568
5845,2021-10-01,Cancelled,56440,IN,COMBINEDCANCELLED-5845,42818891
5851,2021-11-16,Cancelled,200000,CN,COMBINEDCANCELLED-5851,199999
5862,2023-02-27,Cancelled,50792,CN,COMBINEDCANCELLED-5862,50791
5884,2020-11-20,Cancelled,61450,ZA,COMBINEDCANCELLED-5884,61449
5887,2020-11-20,Cancelled,1348,KP,COMBINEDCANCELLED-5887,1347
5894,2023-02-08,Cancelled,1081830,MX,COMBINEDCANCELLED-5894,9921279
5895,2023-01-04,Cancelled,40403,CN,COMBINEDCANCELLED-5895,40402
5909,2020-08-27,Cancelled,123034,CN,COMBINEDCANCELLED-5909,123033
5921,2017-04-05,Cancelled,18161,IN,COMBINEDCANCELLED-5921,18160
5923,2022-02-10,Cancelled,73107,IN,COMBINEDCANCELLED-5923,70927386
5938,2021-07-23,Cancelled,102524,IN,COMBINEDCANCELLED-5938,42606838
5977,2023-07-27,Cancelled,279552,MN,COMBINEDCANCELLED-5977,904604
5992,2020-11-23,Cancelled,52902,CN,COMBINEDCANCELLED-5992,52901
6003,2022-09-15,Cancelled,239308,IN,COMBINEDCANCELLED-6003,239307
6008,2020-11-27,Cancelled,147678,ID,COMBINEDCANCELLED-6008,821816
6009,2023-02-27,Cancelled,62308,CN,COMBINEDCANCELLED-6009,62307
6042,2022-02-08,Cancelled,45036,BR,COMBINEDCANCELLED-6042,45035
6083,2020-11-24,Cancelled,201195,ZA,COMBINEDCANCELLED-6083,1119034
6085,2017-08-03,Cancelled,892,BD,COMBINEDCANCELLED-6085,101051
6121,2021-07-20,Cancelled,38795,IN,COMBINEDCANCELLED-6121,39138
6125,2021-06-08,Cancelled,4131,CN,COMBINEDCANCELLED-6125,4130
6133,2023-01-04,Cancelled,48789,CN,COMBINEDCANCELLED-6133,48788
6143,2022-07-05,Cancelled,73386,NI,COMBINEDCANCELLED-6143,2619048
6151,2017-12-18,Cancelled,8952,IN,COMBINEDCANCELLED-6151,8951
6152,2023-04-20,Cancelled,132284,CN,COMBINEDCANCELLED-6152,136893
6160,2023-02-20,Cancelled,133212,IN,COMBINEDCANCELLED-6160,122128797
6205,2023-02-07,Cancelled,36826,CN,COMBINEDCANCELLED-6205,36825
6208,2019-01-23,Cancelled,66461,BR,COMBINEDCANCELLED-6208,67484
6216,2023-07-31,Cancelled,917473,MX,COMBINEDCANCELLED-6216,11234579
6255,2023-01-04,Cancelled,64824,CN,COMBINEDCANCELLED-6255,64823
6275,2022-10-26,Cancelled,42064,CR,COMBINEDCANCELLED-6275,840103
6315,2023-08-18,Cancelled,218392,IN,COMBINEDCANCELLED-6315,43620552
6328,2023-08-31,Cancelled,4244,IN,COMBINEDCANCELLED-6328,7102
6366,2023-03-29,Cancelled,2600,IN,COMBINEDCANCELLED-6366,2599
6381,2023-02-13,Cancelled,32990,UG,COMBINEDCANCELLED-6381,1994925
6437,2021-10-01,Cancelled,29473,IN,COMBINEDCANCELLED-6437,40781348
6465,2021-12-17,Cancelled,2872,BR,COMBINEDCANCELLED-6465,95336
6484,2023-05-03,Cancelled,576915,IN,COMBINEDCANCELLED-6484,90162959
6488,2021-06-09,Cancelled,63000,MY,COMBINEDCANCELLED-6488,77887
6560,2021-08-12,Cancelled,685068,PK,COMBINEDCANCELLED-6560,2073398
6571,2022-08-26,Cancelled,30385,BR,COMBINEDCANCELLED-6571,30384
6573,2023-05-12,Cancelled,83955,BR,COMBINEDCANCELLED-6573,15740676
6588,2023-06-22,Cancelled,1656363,PA,COMBINEDCANCELLED-6588,1656362
6610,2023-02-22,Cancelled,140,IN,COMBINEDCANCELLED-6610,139
6635,2022-05-30,Cancelled,407052,CL,COMBINEDCANCELLED-6635,408107
6637,2021-04-29,Cancelled,2811486,KR,COMBINEDCANCELLED-6637,57878964
6651,2023-08-05,Cancelled,146697,IN,COMBINEDCANCELLED-6651,76277708
6652,2021-08-17,Cancelled,122101,CR,COMBINEDCANCELLED-6652,463024
6667,2023-08-25,Cancelled,2298,IN,COMBINEDCANCELLED-6667,40029
6702,2022-06-26,Cancelled,1396719,IN,COMBINEDCANCELLED-6702,3585218
6720,2023-08-28,Cancelled,17845,IN,COMBINEDCANCELLED-6720,62681
6762,2021-06-02,Cancelled,37000,MY,COMBINEDCANCELLED-6762,36999
6794,2023-06-21,Cancelled,14201,IN,COMBINEDCANCELLED-6794,8179661
6797,2021-04-30,Cancelled,533649,ZA,COMBINEDCANCELLED-6797,10122932
6817,2023-05-11,Cancelled,293857,OM,COMBINEDCANCELLED-6817,321063
6848,2023-08-23,Cancelled,460169,CL,COMBINEDCANCELLED-6848,23265875
6864,2021-01-19,Cancelled,7890,ZM,COMBINEDCANCELLED-6864,7889
6909,2023-02-27,Cancelled,450,IN,COMBINEDCANCELLED-6909,449
6922,2018-05-22,Cancelled,59479,KR,COMBINEDCANCELLED-6922,38636531
6964,2016-07-25,Cancelled,3,AE,COMBINEDCANCELLED-6964,2
6973,2023-07-24,Cancelled,448841,GT,COMBINEDCANCELLED-6973,1097690
6987,2021-06-10,Cancelled,6548,CN,COMBINEDCANCELLED-6987,6547
6988,2015-08-05,Cancelled,69,CN,COMBINEDCANCELLED-6988,68
7014,2023-05-11,Cancelled,4154,KE,COMBINEDCANCELLED-7014,4153
7027,2023-08-23,Cancelled,73609,BR,COMBINEDCANCELLED-7027,73608
7030,2023-08-16,Cancelled,2110,CN,COMBINEDCANCELLED-7030,2109
7036,2022-12-21,Cancelled,268000,IN,COMBINEDCANCELLED-7036,267999
7088,2023-08-30,Cancelled,5581,IN,COMBINEDCANCELLED-7088,5580
7093,2021-06-08,Cancelled,163312,DO,COMBINEDCANCELLED-7093,163311
7099,2023-08-28,Cancelled,184499,IN,COMBINEDCANCELLED-7099,192123
7100,2022-02-14,Cancelled,460488,DO,COMBINEDCANCELLED-7100,460487
7110,2021-06-23,Cancelled,32930,BR,COMBINEDCANCELLED-7110,32929
7133,2019-12-23,Cancelled,6438,IN,COMBINEDCANCELLED-7133,6437
7140,2017-10-25,Cancelled,5569,KR,COMBINEDCANCELLED-7140,5568
7152,2023-06-26,Cancelled,17575,CN,COMBINEDCANCELLED-7152,149206118
7156,2022-06-30,Cancelled,13992,BR,COMBINEDCANCELLED-7156,13991
7178,2023-06-19,Cancelled,799380,AR,COMBINEDCANCELLED-7178,1499345
7196,2023-04-28,Cancelled,89234,BR,COMBINEDCANCELLED-7196,89233
7207,2017-10-25,Cancelled,3581,KR,COMBINEDCANCELLED-7207,3580
7260,2020-06-18,Cancelled,2061,AE,COMBINEDCANCELLED-7260,2060
7273,2017-10-25,Cancelled,4200,KR,COMBINEDCANCELLED-7273,4199
7289,2021-12-22,Cancelled,799485,CN,COMBINEDCANCELLED-7289,799484
7326,2017-10-25,Cancelled,4655,KR,COMBINEDCANCELLED-7326,4654
7359,2023-05-04,Cancelled,457764,KE,COMBINEDCANCELLED-7359,8633188
7369,2022-03-16,Cancelled,21000,IN,COMBINEDCANCELLED-7369,21278
7415,2022-02-07,Cancelled,386102,IN,COMBINEDCANCELLED-7415,64844270
7434,2022-03-10,Cancelled,16165,IN,COMBINEDCANCELLED-7434,16164
7437,2021-10-23,Cancelled,9627,IN,COMBINEDCANCELLED-7437,9820
7461,2023-07-09,Cancelled,38840,IN,COMBINEDCANCELLED-7461,49145855
7474,2023-08-23,Cancelled,326280,TH,COMBINEDCANCELLED-7474,522690
7480,2023-08-09,Cancelled,99578,CN,COMBINEDCANCELLED-7480,99577
7495,2023-08-28,Cancelled,37514,CN,COMBINEDCANCELLED-7495,37513
7497,2023-07-31,Cancelled,118427,CN,COMBINEDCANCELLED-7497,118431
7507,2023-08-09,Cancelled,16876,CN,COMBINEDCANCELLED-7507,874445
7537,2022-03-16,Cancelled,7000,IN,COMBINEDCANCELLED-7537,6999
7562,2022-04-29,Cancelled,32000,IN,COMBINEDCANCELLED-7562,31999
7572,2017-03-17,Cancelled,2473,CR,COMBINEDCANCELLED-7572,22621
7577,2019-03-22,Cancelled,121310,BR,COMBINEDCANCELLED-7577,40958599
7609,2022-04-26,Cancelled,230000,PE,COMBINEDCANCELLED-7609,229999
7647,2017-04-19,Cancelled,8026,IN,COMBINEDCANCELLED-7647,8025
7650,2022-10-26,Cancelled,225591,TH,COMBINEDCANCELLED-7650,818836
7675,2021-05-13,Cancelled,14694,IN,COMBINEDCANCELLED-7675,14985
7692,2023-02-20,Cancelled,34687,CN,COMBINEDCANCELLED-7692,34686
7734,2018-08-13,Cancelled,1235,KE,COMBINEDCANCELLED-7734,1234
7783,2018-03-27,Cancelled,2494,KE,COMBINEDCANCELLED-7783,7972
7791,2023-08-02,Cancelled,3716,IN,COMBINEDCANCELLED-7791,19581711
7834,2023-03-07,Cancelled,800000,CN,COMBINEDCANCELLED-7834,14636629
7844,2023-08-07,Cancelled,1016,IN,COMBINEDCANCELLED-7844,1015
7853,2023-07-24,Cancelled,170001,CN,COMBINEDCANCELLED-7853,349610
7864,2021-12-07,Cancelled,54928,ID,COMBINEDCANCELLED-7864,1753838
7873,2021-03-09,Cancelled,18699,IN,COMBINEDCANCELLED-7873,18698
7901,2022-11-02,Cancelled,170000,IN,COMBINEDCANCELLED-7901,169999
7962,2016-11-17,Cancelled,123692,CN,COMBINEDCANCELLED-7962,124797
7980,2023-08-30,Cancelled,212215,PH,COMBINEDCANCELLED-7980,212214
7981,2020-08-14,Cancelled,4168,IN,COMBINEDCANCELLED-7981,4167
7997,2023-08-29,Cancelled,215295,KE,COMBINEDCANCELLED-7997,8637498
8012,2023-07-10,Cancelled,2268826,BR,COMBINEDCANCELLED-8012,46053045
8016,2023-07-10,Cancelled,3326,CN,COMBINEDCANCELLED-8016,3325
8018,2022-04-29,Cancelled,229318,BR,COMBINEDCANCELLED-8018,229317
8021,2023-08-23,Cancelled,27115,BR,COMBINEDCANCELLED-8021,60464
8027,2021-10-21,Cancelled,8667,TH,COMBINEDCANCELLED-8027,51666
8048,2022-01-25,Cancelled,383583,IN,COMBINEDCANCELLED-8048,383582
8060,2018-10-17,Cancelled,210000,ZM,COMBINEDCANCELLED-8060,481367
8072,2023-02-14,Cancelled,45616,IN,COMBINEDCANCELLED-8072,45615
8095,2021-02-19,Cancelled,79663,IN,COMBINEDCANCELLED-8095,79662
8096,2023-07-03,Cancelled,47222,CN,COMBINEDCANCELLED-8096,47221
8103,2021-02-11,Cancelled,3221,IN,COMBINEDCANCELLED-8103,3220
8108,2023-07-24,Cancelled,40345,CN,COMBINEDCANCELLED-8108,90344
8150,2022-06-02,Cancelled,114,IN,COMBINEDCANCELLED-8150,113
8179,2023-06-13,Cancelled,40000,CN,COMBINEDCANCELLED-8179,39999
8198,2021-06-01,Cancelled,143,IN,COMBINEDCANCELLED-8198,142
8221,2023-03-09,Cancelled,629000,NI,COMBINEDCANCELLED-8221,628999
8242,2023-03-07,Cancelled,50916,BR,COMBINEDCANCELLED-8242,8737578
8244,2020-09-16,Cancelled,56557,MD,COMBINEDCANCELLED-8244,698121
8260,2023-07-21,Cancelled,1200000,ZA,COMBINEDCANCELLED-8260,1199999
8269,2022-12-22,Cancelled,139466,AE,COMBINEDCANCELLED-8269,708979
8270,2022-06-02,Cancelled,1188,IN,COMBINEDCANCELLED-8270,1187
8273,2023-08-03,Cancelled,59210,CN,COMBINEDCANCELLED-8273,353976
8288,2023-08-30,Cancelled,41617,IN,COMBINEDCANCELLED-8288,39619066
8304,2018-03-14,Cancelled,21000,CN,COMBINEDCANCELLED-8304,20999
8323,2022-04-13,Cancelled,267368,IN,COMBINEDCANCELLED-8323,267367
8342,2022-11-11,Cancelled,40468,IN,COMBINEDCANCELLED-8342,40467
8344,2023-02-27,Cancelled,64986,CN,COMBINEDCANCELLED-8344,64985
8347,2023-08-14,Cancelled,15000,IN,COMBINEDCANCELLED-8347,53627
8365,2023-02-14,Cancelled,161509,IN,COMBINEDCANCELLED-8365,161508
8374,2022-05-16,Cancelled,38085,IN,COMBINEDCANCELLED-8374,59864790
8414,2022-09-28,Cancelled,23234,PE,COMBINEDCANCELLED-8414,23233
8438,2023-08-16,Cancelled,10758,GH,COMBINEDCANCELLED-8438,97757
8456,2022-04-12,Cancelled,474731,CI,COMBINEDCANCELLED-8456,474730
8474,2022-06-13,Cancelled,79201,BR,COMBINEDCANCELLED-8474,54588995
8480,2023-08-09,Cancelled,228334,GT,COMBINEDCANCELLED-8480,1198987
8495,2020-07-03,Cancelled,5082,IN,COMBINEDCANCELLED-8495,5081
8500,2023-08-17,Cancelled,119667,BR,COMBINEDCANCELLED-8500,119666
8524,2018-07-02,Cancelled,96363,IN,COMBINEDCANCELLED-8524,96362
8555,2022-06-30,Cancelled,60025,CN,COMBINEDCANCELLED-8555,60024
8591,2019-07-12,Cancelled,69214,IN,COMBINEDCANCELLED-8591,69213
8606,2022-05-31,Cancelled,576062,IN,COMBINEDCANCELLED-8606,81340647
8671,2019-02-06,Cancelled,15000,IN,COMBINEDCANCELLED-8671,14999
8756,2022-04-22,Cancelled,16021,CO,COMBINEDCANCELLED-8756,16020
8759,2023-04-12,Cancelled,25100,CO,COMBINEDCANCELLED-8759,25099
8784,2021-09-17,Cancelled,43371,IN,COMBINEDCANCELLED-8784,31347554
8855,2023-08-28,Cancelled,51017,IN,COMBINEDCANCELLED-8855,79516980
8879,2022-10-24,Cancelled,150452,CO,COMBINEDCANCELLED-8879,7550354
8890,2019-03-04,Cancelled,40,IN,COMBINEDCANCELLED-8890,39
8914,2022-11-30,Cancelled,2950,CL,COMBINEDCANCELLED-8914,2949
8916,2023-01-04,Cancelled,650952,CN,COMBINEDCANCELLED-8916,650951
8917,2022-10-06,Cancelled,106340,IN,COMBINEDCANCELLED-8917,106339
8918,2020-10-16,Cancelled,74576,CO,COMBINEDCANCELLED-8918,74575
8921,2023-03-03,Cancelled,12551,CN,COMBINEDCANCELLED-8921,12550
8950,2023-06-13,Cancelled,68674,HN,COMBINEDCANCELLED-8950,1649569
8954,2023-03-24,Cancelled,29315,ZA,COMBINEDCANCELLED-8954,29314
8960,2023-08-18,Cancelled,102756,PH,COMBINEDCANCELLED-8960,102755
8971,2020-12-12,Cancelled,23560,IN,COMBINEDCANCELLED-8971,24040
8978,2023-05-30,Cancelled,36887,CN,COMBINEDCANCELLED-8978,36886
8981,2023-05-05,Cancelled,21798,CL,COMBINEDCANCELLED-8981,28225
9007,2021-08-18,Cancelled,378832,MW,COMBINEDCANCELLED-9007,2584125
9044,2023-02-10,Cancelled,458,CL,COMBINEDCANCELLED-9044,457
9047,2019-09-17,Cancelled,34439,MA,COMBINEDCANCELLED-9047,34438
9062,2022-03-16,Cancelled,178374,CN,COMBINEDCANCELLED-9062,178373
9063,2023-01-04,Cancelled,501525,BR,COMBINEDCANCELLED-9063,37877914
9064,2023-07-04,Cancelled,1324,BR,COMBINEDCANCELLED-9064,1323
9069,2023-08-30,Cancelled,31975,BR,COMBINEDCANCELLED-9069,31974
9074,2023-07-04,Cancelled,76015,LK,COMBINEDCANCELLED-9074,248445
9095,2023-08-21,Cancelled,4401,UY,COMBINEDCANCELLED-9095,4400
9111,2021-12-23,Cancelled,63218,IN,COMBINEDCANCELLED-9111,63217
9113,2022-04-20,Cancelled,60000,IN,COMBINEDCANCELLED-9113,59999
9118,2023-04-20,Cancelled,219272,NI,COMBINEDCANCELLED-9118,219271
9124,2020-12-07,Cancelled,43162,IN,COMBINEDCANCELLED-9124,43161
9154,2022-05-31,Cancelled,954145,IN,COMBINEDCANCELLED-9154,79843865
9165,2023-08-22,Cancelled,13824,KR,COMBINEDCANCELLED-9165,205703
9173,2022-12-06,Cancelled,39300,CN,COMBINEDCANCELLED-9173,39299
9176,2021-07-28,Cancelled,81262,HN,COMBINEDCANCELLED-9176,180249
9181,2022-09-08,Cancelled,119291,IN,COMBINEDCANCELLED-9181,15847293
9185,2021-06-15,Cancelled,117000,IN,COMBINEDCANCELLED-9185,116999
9199,2018-07-27,Cancelled,1257195,CO,COMBINEDCANCELLED-9199,1264686
9212,2022-01-20,Cancelled,82026,IN,COMBINEDCANCELLED-9212,82025
9216,2023-06-01,Cancelled,10107,IN,COMBINEDCANCELLED-9216,10106
9226,2023-07-27,Cancelled,74591,BR,COMBINEDCANCELLED-9226,74590
9235,2022-10-13,Cancelled,211583,IN,COMBINEDCANCELLED-9235,211582
9247,2023-08-03,Cancelled,26545,KR,COMBINEDCANCELLED-9247,4493451
9251,2023-08-10,Cancelled,183550,CL,COMBINEDCANCELLED-9251,240369
9265,2023-02-01,Cancelled,277986,KE,COMBINEDCANCELLED-9265,5683297
9291,2018-09-14,Cancelled,3582,CN,COMBINEDCANCELLED-9291,3581
9297,2019-07-12,Cancelled,20614,IN,COMBINEDCANCELLED-9297,20613
9301,2023-02-16,Cancelled,5524818,BR,COMBINEDCANCELLED-9301,38369400
9306,2019-09-24,Cancelled,13558,GT,COMBINEDCANCELLED-9306,13557
9330,2023-08-08,Cancelled,18778,IN,COMBINEDCANCELLED-9330,42725028
9342,2019-07-12,Cancelled,124176,IN,COMBINEDCANCELLED-9342,124175
9347,2022-05-25,Cancelled,6298,IN,COMBINEDCANCELLED-9347,6297
9376,2022-06-21,Cancelled,556561,IN,COMBINEDCANCELLED-9376,71283145
9402,2023-07-21,Cancelled,31137,IN,COMBINEDCANCELLED-9402,31136
9418,2023-08-22,Cancelled,186429,IN,COMBINEDCANCELLED-9418,186428
9430,2023-08-28,Cancelled,173001,IN,COMBINEDCANCELLED-9430,173000
9460,2022-11-16,Cancelled,76669,IN,COMBINEDCANCELLED-9460,76668
9472,2019-07-12,Cancelled,15996,IN,COMBINEDCANCELLED-9472,15995
9510,2023-01-23,Cancelled,3164,FJ,COMBINEDCANCELLED-9510,3163
9571,2023-04-04,Cancelled,19227,IN,COMBINEDCANCELLED-9571,19226
9605,2023-07-26,Cancelled,35000,IN,COMBINEDCANCELLED-9605,34999
9610,2022-03-16,Cancelled,14482,IN,COMBINEDCANCELLED-9610,43168586
9620,2023-08-28,Cancelled,29989,UG,COMBINEDCANCELLED-9620,29988
9625,2023-08-30,Cancelled,57182,IN,COMBINEDCANCELLED-9625,58256861
9626,2023-05-15,Cancelled,575027,RW,COMBINEDCANCELLED-9626,1351265
9630,2023-08-28,Cancelled,14884,IN,COMBINEDCANCELLED-9630,14883
9631,2018-02-01,Cancelled,23917,LK,COMBINEDCANCELLED-9631,23916
9651,2022-11-02,Cancelled,450,IN,COMBINEDCANCELLED-9651,449
9697,2021-10-01,Cancelled,22988,IN,COMBINEDCANCELLED-9697,22987
9699,2022-11-04,Cancelled,8000,IN,COMBINEDCANCELLED-9699,7999
9705,2022-02-25,Cancelled,62842,LK,COMBINEDCANCELLED-9705,295104
9708,2020-10-27,Cancelled,55922,NE,COMBINEDCANCELLED-9708,152582
9740,2022-11-02,Cancelled,167847,IN,COMBINEDCANCELLED-9740,36408031
9746,2023-08-02,Cancelled,66645,CN,COMBINEDCANCELLED-9746,66644
9798,2023-08-15,Cancelled,26956,CO,COMBINEDCANCELLED-9798,8032760
9830,2023-05-12,Cancelled,335886,CO,COMBINEDCANCELLED-9830,4545761
9849,2018-06-20,Cancelled,38854,PK,COMBINEDCANCELLED-9849,38853
9887,2021-10-01,Cancelled,32947,IN,COMBINEDCANCELLED-9887,32946
9925,2022-12-07,Cancelled,108201,BR,COMBINEDCANCELLED-9925,34530604
9927,2022-12-18,Cancelled,67888,IN,COMBINEDCANCELLED-9927,21941496
9933,2023-08-30,Cancelled,55107,MW,COMBINEDCANCELLED-9933,4285134
9935,2023-08-30,Cancelled,30733,MW,COMBINEDCANCELLED-9935,30732
9941,2023-04-04,Cancelled,16012,ML,COMBINEDCANCELLED-9941,263953
9943,2020-11-05,Cancelled,55,BR,COMBINEDCANCELLED-9943,54
9948,2021-11-12,Cancelled,914208,UG,COMBINEDCANCELLED-9948,9805367
9956,2022-11-07,Cancelled,333732,UG,COMBINEDCANCELLED-9956,333731
9973,2019-09-18,Cancelled,70016,IN,COMBINEDCANCELLED-9973,88278
9977,2022-08-22,Cancelled,68257,BF,COMBINEDCANCELLED-9977,147962
9981,2021-05-05,Cancelled,12388,MZ,COMBINEDCANCELLED-9981,12387
9990,2022-06-07,Cancelled,22083,LK,COMBINEDCANCELLED-9990,139162
10004,2022-08-01,Cancelled,236681,ZA,COMBINEDCANCELLED-10004,400989
10006,2021-06-15,Cancelled,92906,SA,COMBINEDCANCELLED-10006,151802
10055,2023-08-31,Cancelled,76893,MX,COMBINEDCANCELLED-10055,76892
10066,2022-04-22,Cancelled,128657,IN,COMBINEDCANCELLED-10066,128656
10070,2022-10-19,Cancelled,74039,CL,COMBINEDCANCELLED-10070,298538
10073,2022-11-02,Cancelled,84098,IN,COMBINEDCANCELLED-10073,84097
10076,2018-06-28,Cancelled,22901,IN,COMBINEDCANCELLED-10076,22900
10100,2018-09-26,Cancelled,2936,IN,COMBINEDCANCELLED-10100,2935
10110,2022-08-10,Cancelled,22670,IN,COMBINEDCANCELLED-10110,22669
10122,2022-01-11,Cancelled,17042,IN,COMBINEDCANCELLED-10122,17041
10125,2021-10-01,Cancelled,39997,IN,COMBINEDCANCELLED-10125,39996
10140,2022-02-24,Cancelled,51007,IN,COMBINEDCANCELLED-10140,51006
10165,2022-04-12,Cancelled,199210,IN,COMBINEDCANCELLED-10165,199209
10182,2023-08-08,Cancelled,6672,MW,COMBINEDCANCELLED-10182,2860867
10183,2018-12-07,Cancelled,20000,IN,COMBINEDCANCELLED-10183,19999
10186,2023-05-22,Cancelled,366685,UG,COMBINEDCANCELLED-10186,5871983
10212,2022-10-21,Cancelled,20864,IN,COMBINEDCANCELLED-10212,20863
10236,2023-08-18,Cancelled,4175622,CO,COMBINEDCANCELLED-10236,5500713
10238,2022-05-30,Cancelled,56610,IN,COMBINEDCANCELLED-10238,56609
10261,2022-04-08,Cancelled,1134577,BR,COMBINEDCANCELLED-10261,10253960
10262,2023-08-31,Cancelled,758,IN,COMBINEDCANCELLED-10262,757
10268,2021-06-04,Cancelled,20153,ET,COMBINEDCANCELLED-10268,20152
10269,2022-04-01,Cancelled,10000,IN,COMBINEDCANCELLED-10269,9999
10285,2020-05-14,Cancelled,22744,ET,COMBINEDCANCELLED-10285,22743
10286,2021-01-08,Cancelled,103008,BR,COMBINEDCANCELLED-10286,103007
10288,2021-06-10,Cancelled,17248,IN,COMBINEDCANCELLED-10288,17247
10317,2018-01-16,Cancelled,9039,MU,COMBINEDCANCELLED-10317,9038
10345,2021-11-27,Cancelled,12407,UG,COMBINEDCANCELLED-10345,2986211
10360,2023-08-26,Cancelled,18771,IN,COMBINEDCANCELLED-10360,40058980
10379,2021-04-08,Cancelled,48260,KR,COMBINEDCANCELLED-10379,6890276
10392,2022-05-06,Cancelled,60048,IN,COMBINEDCANCELLED-10392,60047
10393,2022-02-24,Cancelled,59503,IN,COMBINEDCANCELLED-10393,59502
10403,2022-09-15,Cancelled,375067,IN,COMBINEDCANCELLED-10403,35047614
10404,2022-03-17,Cancelled,262709,IN,COMBINEDCANCELLED-10404,6532031
10415,2020-05-20,Cancelled,205517,MM,COMBINEDCANCELLED-10415,2240015
10430,2021-09-30,Cancelled,50846,GH,COMBINEDCANCELLED-10430,72556
10431,2021-08-12,Cancelled,1042581,BD,COMBINEDCANCELLED-10431,7902913
10441,2022-08-26,Cancelled,36000,LK,COMBINEDCANCELLED-10441,35999
10476,2021-09-28,Cancelled,2156,KE,COMBINEDCANCELLED-10476,2155
10496,2021-09-16,Cancelled,29178,IN,COMBINEDCANCELLED-10496,29177
10512,2022-05-11,Cancelled,456395,BD,COMBINEDCANCELLED-10512,456394
10524,2021-06-29,Cancelled,72516,VN,COMBINEDCANCELLED-10524,1543936
10535,2021-10-05,Cancelled,43058,VN,COMBINEDCANCELLED-10535,894653
10537,2021-09-28,Cancelled,21872,MU,COMBINEDCANCELLED-10537,21871
10543,2021-08-30,Cancelled,17224,MU,COMBINEDCANCELLED-10543,17223
10573,2023-01-04,Cancelled,140950,IN,COMBINEDCANCELLED-10573,140949
10584,2023-05-11,Cancelled,252914,OM,COMBINEDCANCELLED-10584,255232
